cluster,gender,age,hypertension,heart_disease,ever_married,work_type,Residence_type,avg_glucose_level,bmi,smoking_status,stroke
0,0.38206979542719616,53.18742478941035,0.1296630565583634,0.0,0.9338146811070999,1.8534897713598075,0.5120336943441637,109.04630866425993,31.048826714801447,1.6034897713598075,0.05956678700361011
1,0.45298013245033114,16.73708609271523,0.001986754966887417,0.0,0.0033112582781456954,2.8827814569536425,0.49801324503311256,94.16074172185431,23.830794701986754,0.83841059602649,0.0026490066225165563
2,0.5905797101449275,68.18840579710145,0.2318840579710145,1.0,0.8840579710144928,2.039855072463768,0.5144927536231884,136.81876811594205,30.051449275362323,1.5942028985507246,0.17028985507246377
